-- Adicionando dados na tabela AUTOR
INSERT INTO AUTOR (CODIGO, NOME) VALUES (1, 'J.K. Rowling');
INSERT INTO AUTOR (CODIGO, NOME) VALUES (2, 'J.R.R. Tolkien');
INSERT INTO AUTOR (CODIGO, NOME) VALUES (3, 'George R.R. Martin');

-- Adicionando dados na tabela TITULO
INSERT INTO TITULO (CODIGO, DESCRICAO) VALUES (1, 'Harry Potter and the Sorcerer''s Stone');
INSERT INTO TITULO (CODIGO, DESCRICAO) VALUES (2, 'The Lord of the Rings: The Fellowship of the Ring');
INSERT INTO TITULO (CODIGO, DESCRICAO) VALUES (3, 'A Game of Thrones');

-- Adicionando dados na tabela CIDADE
INSERT INTO CIDADE (CODIGO, NOME, UF) VALUES (1, 'London', 'LD');
INSERT INTO CIDADE (CODIGO, NOME, UF) VALUES (2, 'Oxford', 'OX');
INSERT INTO CIDADE (CODIGO, NOME, UF) VALUES (3, 'Belfast', 'BF');

-- Adicionando dados na tabela PUBLICACAO
INSERT INTO PUBLICACAO (CODIGO, ANO, EDICAO, AREA, RESUMO, CD_TIT, CD_CID, CD_AUT) VALUES 
(1, '1997', '1', 'Fantasy', 'First book of Harry Potter series.', 1, 1, 1);
INSERT INTO PUBLICACAO (CODIGO, ANO, EDICAO, AREA, RESUMO, CD_TIT, CD_CID, CD_AUT) VALUES 
(2, '1954', '1', 'Fantasy', 'First book of The Lord of the Rings series.', 2, 2, 2);
INSERT INTO PUBLICACAO (CODIGO, ANO, EDICAO, AREA, RESUMO, CD_TIT, CD_CID, CD_AUT) VALUES 
(3, '1996', '1', 'Fantasy', 'First book of A Song of Ice and Fire series.', 3, 3, 3);

-- Adicionando dados na tabela LIVRO
INSERT INTO LIVRO (CODIGO, VOLUME, PAGINAS, SITUACAO, OBSERVACOES, CD_PUB) VALUES 
(1, 1, 309, 'Available', 'New edition', 1);
INSERT INTO LIVRO (CODIGO, VOLUME, PAGINAS, SITUACAO, OBSERVACOES, CD_PUB) VALUES 
(2, 1, 423, 'Available', 'First edition', 2);
INSERT INTO LIVRO (CODIGO, VOLUME, PAGINAS, SITUACAO, OBSERVACOES, CD_PUB) VALUES 
(3, 1, 694, 'Available', 'New edition', 3);

-- Adicionando dados na tabela USUARIO
INSERT INTO USUARIO (CODIGO, NOME) VALUES (1, 'John Doe');
INSERT INTO USUARIO (CODIGO, NOME) VALUES (2, 'Jane Smith');
INSERT INTO USUARIO (CODIGO, NOME) VALUES (3, 'Alice Johnson');

-- Adicionando dados na tabela BIBLIOTECARIO
INSERT INTO BIBLIOTECARIO (CODIGO, NOME) VALUES (1, 'Emma Brown');
INSERT INTO BIBLIOTECARIO (CODIGO, NOME) VALUES (2, 'Liam White');
INSERT INTO BIBLIOTECARIO (CODIGO, NOME) VALUES (3, 'Noah Black');

-- Adicionando dados na tabela EMPRESTIMO
INSERT INTO EMPRESTIMO (CODIGO, DT_EMPRESTIMO, DT_DEVOLUCAO, OBSERVACOES, CD_USR, CD_BIB, CD_LIV) VALUES 
(1, TO_DATE('2023-01-01', 'YYYY-MM-DD'), TO_DATE('2023-01-15', 'YYYY-MM-DD'), 'Returned on time', 1, 1, 1);
INSERT INTO EMPRESTIMO (CODIGO, DT_EMPRESTIMO, DT_DEVOLUCAO, OBSERVACOES, CD_USR, CD_BIB, CD_LIV) VALUES 
(2, TO_DATE('2023-02-01', 'YYYY-MM-DD'), TO_DATE('2023-02-15', 'YYYY-MM-DD'), 'Returned on time', 2, 2, 2);
INSERT INTO EMPRESTIMO (CODIGO, DT_EMPRESTIMO, DT_DEVOLUCAO, OBSERVACOES, CD_USR, CD_BIB, CD_LIV) VALUES 
(3, TO_DATE('2023-03-01', 'YYYY-MM-DD'), TO_DATE('2023-03-15', 'YYYY-MM-DD'), 'Returned on time', 3, 3, 3);

-- Adicionando dados nas tabelas associativas
INSERT INTO FK_EMPR_USUARIO (CD_EMPRESTIMO, CD_USR) VALUES (1, 1);
INSERT INTO FK_EMPR_USUARIO (CD_EMPRESTIMO, CD_USR) VALUES (2, 2);
INSERT INTO FK_EMPR_USUARIO (CD_EMPRESTIMO, CD_USR) VALUES (3, 3);

INSERT INTO FK_EMPR_BIBLIOTECARIO (CD_EMPRESTIMO, CD_BIB) VALUES (1, 1);
INSERT INTO FK_EMPR_BIBLIOTECARIO (CD_EMPRESTIMO, CD_BIB) VALUES (2, 2);
INSERT INTO FK_EMPR_BIBLIOTECARIO (CD_EMPRESTIMO, CD_BIB) VALUES (3, 3);

INSERT INTO FK_EMPR_LIVRO (CD_EMPRESTIMO, CD_LIV) VALUES (1, 1);
INSERT INTO FK_EMPR_LIVRO (CD_EMPRESTIMO, CD_LIV) VALUES (2, 2);
INSERT INTO FK_EMPR_LIVRO (CD_EMPRESTIMO, CD_LIV) VALUES (3, 3);

INSERT INTO FK_LIVRO_PUBLICACAO (CD_LIV, CD_PUB) VALUES (1, 1);
INSERT INTO FK_LIVRO_PUBLICACAO (CD_LIV, CD_PUB) VALUES (2, 2);
INSERT INTO FK_LIVRO_PUBLICACAO (CD_LIV, CD_PUB) VALUES (3, 3);

INSERT INTO FK_PUB_TITULO (CD_PUB, CD_TIT) VALUES (1, 1);
INSERT INTO FK_PUB_TITULO (CD_PUB, CD_TIT) VALUES (2, 2);
INSERT INTO FK_PUB_TITULO (CD_PUB, CD_TIT) VALUES (3, 3);

INSERT INTO FK_PUB_CIDADE (CD_PUB, CD_CID) VALUES (1, 1);
INSERT INTO FK_PUB_CIDADE (CD_PUB, CD_CID) VALUES (2, 2);
INSERT INTO FK_PUB_CIDADE (CD_PUB, CD_CID) VALUES (3, 3);

INSERT INTO FK_PUB_AUTOR (CD_PUB, CD_AUT) VALUES (1, 1);
INSERT INTO FK_PUB_AUTOR (CD_PUB, CD_AUT) VALUES (2, 2);
INSERT INTO FK_PUB_AUTOR (CD_PUB, CD_AUT) VALUES (3, 3);
